/*
  # Populate External Analysis Data - Final Version

  1. Data Population with correct constraints
    - news_type: 'Hot News' or 'Other News'
    - relevance_score: 0-10 scale
    - contract_status: 'Never Contracted', 'Historically Contracted', 'Currently Contracted'
*/

-- Clean existing data
DELETE FROM fact_market_positioning WHERE category_code IN ('mechanical', 'electrical', 'renewable');
DELETE FROM fact_vendor_market_share WHERE category_code IN ('mechanical', 'electrical', 'renewable');
DELETE FROM fact_industry_news WHERE category_code IN ('mechanical', 'electrical', 'renewable');
DELETE FROM fact_porter_analysis WHERE category_code IN ('mechanical', 'electrical', 'renewable');

-- Market Positioning Data
INSERT INTO fact_market_positioning (category_code, reference_period, global_market_size_usd, market_growth_rate_pct, market_trend, global_capacity_current, global_capacity_projected, market_share_asia_pct, market_share_europe_pct, market_share_americas_pct, market_share_others_pct, key_insights, dataset_id) VALUES
('mechanical', '2024', 450000000000, 5.2, 'Growing', 850000, 950000, 26.7, 22.2, 40.0, 11.1, 'Mechanical equipment market experiencing steady growth driven by industrial modernization and infrastructure development. Asia Pacific emerging as fastest growing region with 6.1% growth rate. Price pressure expected in Q2 2024 due to rising steel costs.', 'DATASET_A'),
('mechanical', '2023', 428000000000, 4.9, 'Growing', 820000, 850000, 26.0, 22.5, 40.5, 11.0, 'Continued recovery from supply chain disruptions with stabilizing lead times and capacity utilization improvements.', 'DATASET_A'),
('mechanical', '2022', 408000000000, 4.5, 'Growing', 790000, 820000, 25.5, 23.0, 40.0, 11.5, 'Post-pandemic recovery phase with gradual capacity restoration and normalization of supply chains.', 'DATASET_A'),
('electrical', '2024', 680000000000, 7.8, 'Growing', 1200000, 1450000, 32.4, 22.1, 35.3, 10.2, 'Electrical equipment market accelerating with smart grid adoption and grid modernization initiatives. New safety regulations coming in 2025 will require certification updates. Very high competitive intensity with rapid technology advancement.', 'DATASET_A'),
('electrical', '2023', 631000000000, 7.2, 'Growing', 1150000, 1200000, 31.8, 22.5, 35.0, 10.7, 'Strong growth driven by energy infrastructure investments and increasing digitalization of power systems.', 'DATASET_A'),
('electrical', '2022', 589000000000, 6.8, 'Growing', 1100000, 1150000, 31.0, 23.0, 35.5, 10.5, 'Market expansion supported by renewable energy integration requirements and aging infrastructure replacement.', 'DATASET_A'),
('renewable', '2024', 320000000000, 12.5, 'Growing', 580000, 720000, 43.8, 21.9, 29.7, 4.6, 'Renewable energy equipment experiencing explosive growth with 12.5% annual rate. Government $50B infrastructure program announced will drive unprecedented demand. GreenPower breakthrough achieving 50% cost reduction will reshape pricing dynamics. Strong buyer power in favorable market conditions.', 'DATASET_A'),
('renewable', '2023', 284500000000, 14.8, 'Growing', 520000, 580000, 43.0, 22.0, 30.0, 5.0, 'Record growth year driven by climate commitments and cost parity achievement with traditional energy sources.', 'DATASET_A'),
('renewable', '2022', 247900000000, 18.2, 'Growing', 460000, 520000, 42.0, 22.5, 30.5, 5.0, 'Breakthrough year as renewable energy costs fell below fossil fuels in most markets, accelerating adoption.', 'DATASET_A');

-- Vendor Market Share Data
INSERT INTO fact_vendor_market_share (category_code, vendor_id, vendor_name, market_share_pct, annual_revenue_usd, production_capacity, contract_status, last_contract_date, contract_end_date, vendor_rank, headquarters_country, dataset_id) VALUES
('mechanical', 'VEND001', 'Global Mechanical Industries', 18.5, 83250000000, 157250, 'Currently Contracted', '2023-01-15', '2025-12-31', 1, 'United States', 'DATASET_A'),
('mechanical', 'VEND002', 'TechMech Solutions', 15.2, 68400000000, 129200, 'Historically Contracted', '2021-03-01', '2023-06-30', 2, 'Germany', 'DATASET_A'),
('mechanical', 'VEND003', 'Precision Engineering Corp', 12.8, 57600000000, 108800, 'Currently Contracted', '2022-07-01', '2024-12-31', 3, 'Japan', 'DATASET_A'),
('mechanical', 'VEND004', 'MechPower International', 11.3, 50850000000, 96050, 'Never Contracted', NULL, NULL, 4, 'South Korea', 'DATASET_A'),
('mechanical', 'VEND005', 'Industrial Dynamics', 9.7, 43650000000, 82450, 'Historically Contracted', '2020-05-01', '2022-12-31', 5, 'China', 'DATASET_A'),
('mechanical', 'VEND006', 'Advanced Machinery Ltd', 8.4, 37800000000, 71400, 'Currently Contracted', '2023-09-01', '2026-08-31', 6, 'United Kingdom', 'DATASET_A'),
('mechanical', 'VEND007', 'Reliable Mech Systems', 7.2, 32400000000, 61200, 'Never Contracted', NULL, NULL, 7, 'Singapore', 'DATASET_A'),
('mechanical', 'VEND008', 'ProMech Technologies', 6.1, 27450000000, 51850, 'Never Contracted', NULL, NULL, 8, 'Canada', 'DATASET_A'),
('mechanical', 'VEND009', 'EuroMech Group', 5.8, 26100000000, 49300, 'Historically Contracted', '2022-11-01', '2023-10-31', 9, 'France', 'DATASET_A'),
('mechanical', 'VEND010', 'SmartMech Industries', 5.0, 22500000000, 42500, 'Never Contracted', NULL, NULL, 10, 'Taiwan', 'DATASET_A'),
('electrical', 'VEND011', 'PowerElectric Global', 22.3, 151640000000, 267600, 'Currently Contracted', '2022-04-01', '2025-03-31', 1, 'United States', 'DATASET_A'),
('electrical', 'VEND012', 'ElectraTech Systems', 17.8, 121040000000, 213600, 'Currently Contracted', '2023-01-01', '2026-12-31', 2, 'Germany', 'DATASET_A'),
('electrical', 'VEND013', 'Voltage Solutions Inc', 14.6, 99280000000, 175200, 'Historically Contracted', '2021-06-01', '2023-05-31', 3, 'Switzerland', 'DATASET_A'),
('electrical', 'VEND014', 'CircuitMasters Corp', 11.2, 76160000000, 134400, 'Never Contracted', NULL, NULL, 4, 'United States', 'DATASET_A'),
('electrical', 'VEND015', 'Dynamic Electric Group', 9.5, 64600000000, 114000, 'Currently Contracted', '2023-07-01', '2025-06-30', 5, 'South Korea', 'DATASET_A'),
('electrical', 'VEND016', 'SmartGrid Technologies', 8.1, 55080000000, 97200, 'Never Contracted', NULL, NULL, 6, 'China', 'DATASET_A'),
('electrical', 'VEND017', 'ElectroVolt Systems', 6.8, 46240000000, 81600, 'Historically Contracted', '2022-09-01', '2023-08-31', 7, 'Netherlands', 'DATASET_A'),
('electrical', 'VEND018', 'PowerNet Industries', 5.2, 35360000000, 62400, 'Never Contracted', NULL, NULL, 8, 'Japan', 'DATASET_A'),
('electrical', 'VEND019', 'ElectraForce Ltd', 2.9, 19720000000, 34800, 'Never Contracted', NULL, NULL, 9, 'India', 'DATASET_A'),
('electrical', 'VEND020', 'NextGen Electrical', 1.6, 10880000000, 19200, 'Never Contracted', NULL, NULL, 10, 'Australia', 'DATASET_A'),
('renewable', 'VEND021', 'GreenPower Solutions', 24.7, 79040000000, 143260, 'Currently Contracted', '2023-03-01', '2028-02-28', 1, 'Denmark', 'DATASET_A'),
('renewable', 'VEND022', 'SolarTech Global', 19.3, 61760000000, 111940, 'Currently Contracted', '2022-09-01', '2027-08-31', 2, 'China', 'DATASET_A'),
('renewable', 'VEND023', 'WindForce International', 15.8, 50560000000, 91640, 'Historically Contracted', '2021-11-01', '2023-10-31', 3, 'Spain', 'DATASET_A'),
('renewable', 'VEND024', 'EcoEnergy Systems', 12.1, 38720000000, 70180, 'Currently Contracted', '2023-05-01', '2026-04-30', 4, 'United States', 'DATASET_A'),
('renewable', 'VEND025', 'Renewable Dynamics', 9.4, 30080000000, 54520, 'Never Contracted', NULL, NULL, 5, 'Singapore', 'DATASET_A'),
('renewable', 'VEND026', 'CleanTech Innovations', 7.2, 23040000000, 41760, 'Never Contracted', NULL, NULL, 6, 'Canada', 'DATASET_A'),
('renewable', 'VEND027', 'SustainPower Corp', 5.6, 17920000000, 32480, 'Historically Contracted', '2022-12-01', '2023-11-30', 7, 'Norway', 'DATASET_A'),
('renewable', 'VEND028', 'GreenGrid Technologies', 3.8, 12160000000, 22040, 'Never Contracted', NULL, NULL, 8, 'South Korea', 'DATASET_A'),
('renewable', 'VEND029', 'Solar Innovations Ltd', 1.4, 4480000000, 8120, 'Never Contracted', NULL, NULL, 9, 'India', 'DATASET_A'),
('renewable', 'VEND030', 'Wind Energy Partners', 0.7, 2240000000, 4060, 'Never Contracted', NULL, NULL, 10, 'Sweden', 'DATASET_A');

-- Industry News (relevance_score 0-10, news_type 'Hot News' or 'Other News')
INSERT INTO fact_industry_news (category_code, vendor_id, news_type, news_title, news_summary, news_date, source, relevance_score, ai_insight, action_items, dataset_id) VALUES
('mechanical', 'VEND001', 'Hot News', 'Global Mechanical Industries Announces Major Production Expansion', 'Leading mechanical equipment manufacturer announces $2.5B investment in new production facilities across Asia Pacific, expected to increase capacity by 35% by 2025.', '2024-01-15', 'Industry Today', 9.5, 'This expansion will significantly impact supply availability and may lead to more competitive pricing in the Asia Pacific region. Companies with ongoing contracts may benefit from improved delivery times.', ARRAY['Review contract terms to leverage improved capacity', 'Explore opportunities for volume discounts', 'Consider long-term agreements to secure favorable pricing'], 'DATASET_A'),
('mechanical', 'VEND004', 'Hot News', 'MechPower Unveils Revolutionary Energy-Efficient Technology', 'MechPower International launches next-generation equipment with 40% better energy efficiency, potentially disrupting market dynamics and setting new industry standards.', '2024-01-08', 'Tech Equipment Weekly', 9.8, 'This technology breakthrough positions MechPower as a potential strategic partner. Their non-contracted status presents an opportunity for first-mover advantage in securing partnership terms.', ARRAY['Schedule vendor assessment meeting', 'Evaluate technology fit for operations', 'Initiate contract discussions before competitors'], 'DATASET_A'),
('mechanical', NULL, 'Hot News', 'Global Steel Prices Surge 15% Amid Supply Constraints', 'Raw material costs for mechanical equipment manufacturers increase sharply due to supply chain disruptions and geopolitical tensions, expected to impact equipment prices in Q2 2024.', '2024-01-20', 'Commodities Monitor', 9.2, 'Price increases are imminent across the mechanical equipment category. Companies should act quickly to lock in current pricing through extended contracts or forward purchases.', ARRAY['Accelerate procurement timelines where possible', 'Negotiate price protection clauses', 'Consider strategic inventory buildup'], 'DATASET_A'),
('mechanical', 'VEND002', 'Other News', 'TechMech Solutions Wins Innovation Award', 'TechMech Solutions recognized for excellence in manufacturing innovation at the Global Industrial Awards 2024.', '2023-12-10', 'Industry Awards', 6.5, 'Positive brand recognition reinforces quality reputation of previously contracted vendor.', ARRAY['Monitor performance for potential re-engagement'], 'DATASET_A'),
('electrical', 'VEND011', 'Hot News', 'PowerElectric Secures Major Grid Modernization Contracts', 'PowerElectric Global wins $8.5B in contracts for smart grid infrastructure projects across North America, validating their market leadership and technology capabilities.', '2024-01-12', 'Energy Infrastructure News', 9.6, 'Contract wins demonstrate strong market confidence and financial stability. Current partnership positioning is favorable, but demand surge may impact delivery timelines.', ARRAY['Confirm delivery schedules for existing orders', 'Discuss capacity allocation priorities', 'Explore collaborative planning opportunities'], 'DATASET_A'),
('electrical', 'VEND014', 'Hot News', 'CircuitMasters Files Patents for Revolutionary Circuit Protection Technology', 'CircuitMasters announces breakthrough in circuit protection systems with 3 new patent filings, potentially reshaping safety standards in electrical equipment.', '2024-01-18', 'Patent & Innovation Report', 9.4, 'Patent portfolio strengthens CircuitMasters competitive position. As a non-contracted vendor with innovative technology, they represent an untapped opportunity for technology differentiation.', ARRAY['Conduct technology assessment', 'Evaluate patent implications for operations', 'Initiate vendor qualification process'], 'DATASET_A'),
('electrical', NULL, 'Hot News', 'New Safety Regulations to Impact Electrical Equipment by 2025', 'Global regulatory bodies announce stricter safety standards for electrical equipment, requiring manufacturers to meet enhanced certification requirements by Q3 2025.', '2024-01-05', 'Regulatory Watch', 9.7, 'Regulatory changes will create compliance costs and potential supply disruptions. Vendors with advanced compliance capabilities will have competitive advantage.', ARRAY['Audit vendor compliance readiness', 'Review equipment specifications vs new standards', 'Plan compliance transition strategy'], 'DATASET_A'),
('electrical', 'VEND012', 'Other News', 'ElectraTech Opens New R&D Center in Singapore', 'ElectraTech Systems invests in new research and development facility focused on next-generation power systems.', '2023-12-15', 'Business Expansion Weekly', 7.2, 'Continued investment in innovation supports long-term partnership value with current contracted vendor.', ARRAY['Explore collaborative innovation opportunities'], 'DATASET_A'),
('renewable', 'VEND021', 'Hot News', 'GreenPower Achieves 50% Cost Reduction in Solar Panel Production', 'GreenPower Solutions announces breakthrough manufacturing process that reduces solar panel production costs by 50%, promising significant price reductions for customers.', '2024-01-22', 'Renewable Energy Today', 9.9, 'Major cost breakthrough will reshape market pricing dynamics. Current contract holders should renegotiate terms to benefit from cost reductions. This strengthens GreenPower position as market leader.', ARRAY['Initiate contract amendment discussions', 'Quantify potential savings from new pricing', 'Explore expanded partnership scope'], 'DATASET_A'),
('renewable', 'VEND025', 'Hot News', 'Renewable Dynamics Secures $5B Investment for Asia Expansion', 'Major private equity investment enables Renewable Dynamics to triple production capacity and establish market presence in Southeast Asia renewable energy sector.', '2024-01-17', 'Investment News', 9.6, 'Significant capital injection transforms Renewable Dynamics from medium player to major competitor. Their non-contracted status and expansion trajectory make them attractive for strategic partnership.', ARRAY['Schedule executive meeting with Renewable Dynamics', 'Assess capabilities for strategic partnership', 'Evaluate geographic coverage benefits'], 'DATASET_A'),
('renewable', NULL, 'Hot News', 'Government Announces $50B Renewable Energy Infrastructure Program', 'Multi-year government initiative to accelerate renewable energy adoption creates unprecedented demand for solar, wind, and energy storage equipment.', '2024-01-10', 'Government Press Release', 9.8, 'Massive demand surge will strain supply chains and likely lead to extended lead times and price pressure. Early procurement and strategic vendor partnerships will be critical to secure supply.', ARRAY['Accelerate renewable equipment procurement plans', 'Secure long-term supply agreements', 'Identify additional qualified vendors'], 'DATASET_A'),
('renewable', 'VEND023', 'Other News', 'WindForce Wins Environmental Excellence Award', 'WindForce International recognized for sustainable manufacturing practices and environmental leadership in wind turbine production.', '2023-12-08', 'Environmental Awards', 6.8, 'Positive environmental credentials align with corporate sustainability goals.', ARRAY['Consider for future sustainability-focused procurements'], 'DATASET_A');

-- Porter's Five Forces Analysis
INSERT INTO fact_porter_analysis (category_code, analysis_period, threat_new_entrants_score, supplier_power_score, buyer_power_score, threat_substitutes_score, industry_rivalry_score, threat_new_entrants_analysis, supplier_power_analysis, buyer_power_analysis, threat_substitutes_analysis, industry_rivalry_analysis, overall_assessment, ai_insights, recommended_actions, dataset_id) VALUES
('mechanical', '2024-Q1', 2, 4, 3, 2, 4,
'Low threat from new entrants due to high capital requirements, established relationships, and technical expertise barriers. Market dominated by established players with strong brand recognition.',
'High supplier power due to concentration of raw material suppliers and specialized component manufacturers. Limited alternatives for critical materials create pricing pressure.',
'Moderate buyer power. While large volume provides leverage, switching costs and quality requirements limit bargaining position. Long-term relationships reduce flexibility.',
'Low threat from substitutes. Mechanical equipment remains essential for core operations. Alternative technologies not yet commercially viable at scale.',
'High industry rivalry among established players competing on price, technology, and service. Market maturity drives aggressive competition for market share.',
'The mechanical equipment category faces moderate external pressures with primary challenges from supplier concentration and intense competition. Strategic focus should be on supplier relationship management and differentiation.',
'The company faces balanced competitive pressures with opportunities for improvement in supplier diversification and strategic partnerships. Current contracted vendors provide stability but limited leverage. Non-contracted vendors with innovative capabilities (MechPower, Reliable Mech) offer opportunities for competitive advantage.',
ARRAY['Develop alternative supplier relationships to reduce concentration risk', 'Leverage innovation from non-contracted vendors to increase differentiation', 'Implement collaborative forecasting with key suppliers to improve planning', 'Consider strategic partnerships with innovative vendors to access new technology', 'Evaluate MechPower energy-efficient technology within 3 months', 'Implement supplier collaboration program over 12 months'],
'DATASET_A'),

('electrical', '2024-Q1', 2, 3, 3, 3, 5,
'Low barriers to entry due to technical complexity, regulatory requirements, and significant capital investment. Patent protection and certification requirements protect incumbents.',
'Moderate supplier power. More diversified supply base than mechanical equipment but still concentrated for specialized components. Increasing competition among suppliers.',
'Moderate buyer power. Standardization allows for comparison shopping but technical requirements and quality standards limit vendor switching. Long-term contracts reduce flexibility.',
'Moderate substitute threat. Emerging technologies in smart grids and distributed energy create alternatives. Digital solutions increasingly viable for traditional applications.',
'Very high industry rivalry. Rapid technological change, price competition, and market fragmentation drive aggressive competition. Innovation cycle accelerating with smart grid adoption.',
'The electrical equipment category experiences intense competitive pressure with rapid technological disruption. Strategic focus should emphasize technology partnerships and flexibility to adapt to market changes.',
'Electrical equipment faces the highest competitive intensity with significant disruption from smart grid and digital technologies. CircuitMasters breakthrough technology and regulatory changes create both risks and opportunities. Strong ongoing relationships with PowerElectric and ElectraTech provide stability, but innovation from non-contracted vendors should be evaluated.',
ARRAY['Establish innovation partnership framework to access emerging technologies', 'Accelerate vendor qualification for innovative non-contracted suppliers', 'Implement technology roadmap alignment with key vendors', 'Develop regulatory compliance monitoring and vendor readiness assessment', 'Assess CircuitMasters patent technology fit within 2 months', 'Prepare for 2025 regulatory compliance within 8 months'],
'DATASET_A'),

('renewable', '2024-Q1', 3, 2, 4, 1, 3,
'Moderate entry barriers decreasing as technology matures. Government incentives and environmental mandates attracting new players. However, scale and expertise still provide incumbent advantages.',
'Low supplier power in renewable energy. Rapid market growth and government support driving supply capacity expansion. Component standardization increasing competition. GreenPower cost breakthrough further reduces supplier leverage.',
'High buyer power due to rapid market growth, government mandates driving procurement, and increasing standardization. Suppliers competing aggressively for large contracts. Technology advances shifting power to buyers.',
'Very low substitute threat. Renewable energy increasingly mandated by regulation and sustainability commitments. Cost parity with traditional energy eliminates alternatives. Technology trajectory favors renewables.',
'Moderate rivalry tempered by rapid market growth. Market expansion allows multiple players to grow simultaneously. However, technology advancement and cost competition intensifying. Consolidation expected as market matures.',
'The renewable energy category offers favorable competitive dynamics with strong buyer power and limited supplier leverage. Market growth and government support create advantageous procurement conditions. Strategic focus should leverage favorable dynamics while building long-term partnerships.',
'Renewable energy presents the most favorable competitive position with high buyer power and rapidly improving technology/cost dynamics. GreenPower 50% cost reduction breakthrough and Renewable Dynamics $5B investment create significant opportunities. Government $50B program will drive demand surge requiring proactive supply chain strategy. Current strong position with GreenPower and SolarTech should be leveraged while diversifying to capture innovation.',
ARRAY['Capitalize on GreenPower cost breakthrough to renegotiate contract terms and expand scope', 'Establish strategic partnership with Renewable Dynamics to leverage expansion', 'Develop multi-vendor strategy to mitigate supply risk from government program demand', 'Renegotiate GreenPower contract for new pricing within 1 month', 'Initiate strategic dialogue with Renewable Dynamics within 2 months', 'Secure supply commitments ahead of government program impact within 3 months'],
'DATASET_A');